data/class0/1.jpg,0
data/class0/2.jpg,0
data/class0/3.jpg,0
data/class0/4.jpg,0
data/class0/5.jpg,0
data/class0/6.jpg,0
data/class0/7.jpg,0
data/class0/8.jpg,0
data/class0/9.jpg,0
data/class0/10.jpg,0
data/class0/11.jpg,0
data/class0/12.jpg,0
data/class0/13.jpg,0
data/class0/14.jpg,0
data/class0/15.jpg,0
data/class0/16.jpg,0
data/class0/17.jpg,0
data/class0/18.jpg,0
data/class0/19.jpg,0
data/class0/20.jpg,0
data/class0/21.jpg,0
data/class0/22.jpg,0
data/class0/23.jpg,0
data/class0/24.jpg,0
data/class0/25.jpg,0
data/class0/26.jpg,0
data/class0/27.jpg,0
data/class0/28.jpg,0
data/class0/29.jpg,0
data/class0/30.jpg,0
data/class0/31.jpg,0
data/class0/32.jpg,0
data/class0/33.jpg,0
data/class0/34.jpg,0
data/class0/35.jpg,0
data/class0/36.jpg,0
data/class0/37.jpg,0
data/class0/38.jpg,0
data/class0/39.jpg,0
data/class0/40.jpg,0
data/class0/41.jpg,0
data/class0/42.jpg,0
data/class0/43.jpg,0
data/class0/44.jpg,0
data/class0/45.jpg,0
data/class0/46.jpg,0
data/class0/47.jpg,0
data/class0/48.jpg,0
data/class0/49.jpg,0
data/class0/50.jpg,0
data/class0/51.jpg,0
data/class0/52.jpg,0
data/class0/53.jpg,0
data/class0/54.jpg,0
data/class0/55.jpg,0
data/class0/56.jpg,0
data/class0/57.jpg,0
data/class0/58.jpg,0
data/class0/59.jpg,0
data/class0/60.jpg,0
data/class0/61.jpg,0
data/class0/62.jpg,0
data/class0/63.jpg,0
data/class0/64.jpg,0
data/class0/65.jpg,0
data/class0/66.jpg,0
data/class0/67.jpg,0
data/class0/68.jpg,0
data/class0/69.jpg,0
data/class0/70.jpg,0
data/class0/71.jpg,0
data/class0/72.jpg,0
data/class0/73.jpg,0
data/class0/74.jpg,0
data/class0/75.jpg,0
data/class0/76.jpg,0
data/class0/77.jpg,0
data/class0/78.jpg,0
data/class0/79.jpg,0
data/class0/80.jpg,0
data/class0/81.jpg,0
data/class0/82.jpg,0
data/class0/83.jpg,0
data/class0/84.jpg,0
data/class0/85.jpg,0
data/class0/86.jpg,0
data/class0/87.jpg,0
data/class0/88.jpg,0
data/class0/89.jpg,0
data/class0/90.jpg,0
data/class0/91.jpg,0
data/class0/92.jpg,0
data/class0/93.jpg,0
data/class0/94.jpg,0
data/class0/95.jpg,0
data/class0/96.jpg,0
data/class0/97.jpg,0
data/class0/98.jpg,0
data/class0/99.jpg,0
data/class0/100.jpg,0
data/class0/101.jpg,0
data/class0/102.jpg,0
data/class0/103.jpg,0
data/class0/104.jpg,0
data/class0/105.jpg,0
data/class0/106.jpg,0
data/class0/107.jpg,0
data/class0/108.jpg,0
data/class0/109.jpg,0
data/class0/110.jpg,0
data/class0/111.jpg,0
data/class0/112.jpg,0
data/class0/113.jpg,0
data/class0/114.jpg,0
data/class0/115.jpg,0
data/class0/116.jpg,0
data/class0/117.jpg,0
data/class0/118.jpg,0
data/class0/119.jpg,0
data/class0/120.jpg,0
data/class0/121.jpg,0
data/class0/122.jpg,0
data/class0/123.jpg,0
data/class0/124.jpg,0
data/class0/125.jpg,0
data/class0/126.jpg,0
data/class0/127.jpg,0
data/class0/128.jpg,0
data/class0/129.jpg,0
data/class0/130.jpg,0
data/class0/131.jpg,0
data/class0/132.jpg,0
data/class0/133.jpg,0
data/class0/134.jpg,0
data/class0/135.jpg,0
data/class0/136.jpg,0
data/class0/137.jpg,0
data/class0/138.jpg,0
data/class0/139.jpg,0
data/class0/140.jpg,0
data/class0/141.jpg,0
data/class0/142.jpg,0
data/class0/143.jpg,0
data/class0/144.jpg,0
data/class0/145.jpg,0
data/class0/146.jpg,0
data/class0/147.jpg,0
data/class0/148.jpg,0
data/class0/149.jpg,0
data/class0/150.jpg,0
data/class0/151.jpg,0
data/class0/152.jpg,0
data/class0/153.jpg,0
data/class0/154.jpg,0
data/class0/155.jpg,0
data/class0/156.jpg,0
data/class0/157.jpg,0
data/class0/158.jpg,0
data/class0/159.jpg,0
data/class0/160.jpg,0
data/class0/161.jpg,0
data/class0/162.jpg,0
data/class0/163.jpg,0
data/class0/164.jpg,0
data/class0/165.jpg,0
data/class0/166.jpg,0
data/class0/167.jpg,0
data/class0/168.jpg,0
data/class0/169.jpg,0
data/class0/170.jpg,0
data/class0/171.jpg,0
data/class0/172.jpg,0
data/class0/173.jpg,0
data/class0/174.jpg,0
data/class0/175.jpg,0
data/class0/176.jpg,0
data/class0/177.jpg,0
data/class0/178.jpg,0
data/class0/179.jpg,0
data/class0/180.jpg,0
data/class0/181.jpg,0
data/class0/182.jpg,0
data/class0/183.jpg,0
data/class0/184.jpg,0
data/class0/185.jpg,0
data/class0/186.jpg,0
data/class0/187.jpg,0
data/class0/188.jpg,0
data/class0/189.jpg,0
data/class0/190.jpg,0
data/class0/191.jpg,0
data/class0/192.jpg,0
data/class0/193.jpg,0
data/class0/194.jpg,0
data/class0/195.jpg,0
data/class0/196.jpg,0
data/class0/197.jpg,0
data/class0/198.jpg,0
data/class0/199.jpg,0
data/class0/200.jpg,0
data/class0/201.jpg,0
data/class0/202.jpg,0
data/class0/203.jpg,0
data/class0/204.jpg,0
data/class0/205.jpg,0
data/class0/206.jpg,0
data/class0/207.jpg,0
data/class0/208.jpg,0
data/class0/209.jpg,0
data/class0/210.jpg,0
data/class0/211.jpg,0
data/class0/212.jpg,0
data/class0/213.jpg,0
data/class0/214.jpg,0
data/class0/215.jpg,0
data/class0/216.jpg,0
data/class0/217.jpg,0
data/class0/218.jpg,0
data/class0/219.jpg,0
data/class0/220.jpg,0
data/class0/221.jpg,0
data/class0/222.jpg,0
data/class0/223.jpg,0
data/class0/224.jpg,0
data/class0/225.jpg,0
data/class0/226.jpg,0
data/class0/227.jpg,0
data/class0/228.jpg,0
data/class0/229.jpg,0
data/class0/230.jpg,0
data/class0/231.jpg,0
data/class0/232.jpg,0
data/class0/233.jpg,0
data/class0/234.jpg,0
data/class0/235.jpg,0
data/class0/236.jpg,0
data/class0/237.jpg,0
data/class0/238.jpg,0
data/class0/239.jpg,0
data/class0/240.jpg,0
data/class0/241.jpg,0
data/class0/242.jpg,0
data/class0/243.jpg,0
data/class0/244.jpg,0
data/class0/245.jpg,0
data/class0/246.jpg,0
data/class0/247.jpg,0
data/class0/248.jpg,0
data/class0/249.jpg,0
data/class0/250.jpg,0
data/class0/251.jpg,0
data/class0/252.jpg,0
data/class0/253.jpg,0
data/class0/254.jpg,0
data/class0/255.jpg,0
data/class0/256.jpg,0
data/class0/257.jpg,0
data/class0/258.jpg,0
data/class0/259.jpg,0
data/class0/260.jpg,0
data/class0/261.jpg,0
data/class0/262.jpg,0
data/class0/263.jpg,0
data/class0/264.jpg,0
data/class0/265.jpg,0
data/class0/266.jpg,0
data/class0/267.jpg,0
data/class0/268.jpg,0
data/class0/269.jpg,0
data/class0/270.jpg,0
data/class0/271.jpg,0
data/class0/272.jpg,0
data/class0/273.jpg,0
data/class0/274.jpg,0
data/class0/275.jpg,0
data/class0/276.jpg,0
data/class0/277.jpg,0
data/class0/278.jpg,0
data/class0/279.jpg,0
data/class0/280.jpg,0
data/class0/281.jpg,0
data/class0/282.jpg,0
data/class0/283.jpg,0
data/class0/284.jpg,0
data/class0/285.jpg,0
data/class0/286.jpg,0
data/class0/287.jpg,0
data/class0/288.jpg,0
data/class0/289.jpg,0
data/class0/290.jpg,0
data/class0/291.jpg,0
data/class0/292.jpg,0
data/class0/293.jpg,0
data/class0/294.jpg,0
data/class0/295.jpg,0
data/class0/296.jpg,0
data/class0/297.jpg,0
data/class0/298.jpg,0
data/class0/299.jpg,0
data/class0/300.jpg,0
data/class0/301.jpg,0
data/class0/302.jpg,0
data/class0/303.jpg,0
data/class0/304.jpg,0
data/class0/305.jpg,0
data/class0/306.jpg,0
data/class0/307.jpg,0
data/class0/308.jpg,0
data/class0/309.jpg,0
data/class0/310.jpg,0
data/class0/311.jpg,0
data/class0/312.jpg,0
data/class0/313.jpg,0
data/class0/314.jpg,0
data/class0/315.jpg,0
data/class0/316.jpg,0
data/class0/317.jpg,0
data/class0/318.jpg,0
data/class0/319.jpg,0
data/class0/320.jpg,0
data/class0/321.jpg,0
data/class0/322.jpg,0
data/class0/323.jpg,0
data/class0/324.jpg,0
data/class0/325.jpg,0
data/class0/326.jpg,0
data/class0/327.jpg,0
data/class0/328.jpg,0
data/class0/329.jpg,0
data/class0/330.jpg,0
data/class0/331.jpg,0
data/class0/332.jpg,0
data/class0/333.jpg,0
data/class0/334.jpg,0
data/class0/335.jpg,0
data/class0/336.jpg,0
data/class0/337.jpg,0
data/class0/338.jpg,0
data/class0/339.jpg,0
data/class0/340.jpg,0
data/class0/341.jpg,0
data/class0/342.jpg,0
data/class0/343.jpg,0
data/class0/344.jpg,0
data/class0/345.jpg,0
data/class0/346.jpg,0
data/class0/347.jpg,0
data/class0/348.jpg,0
data/class0/349.jpg,0
data/class0/350.jpg,0
data/class0/351.jpg,0
data/class0/352.jpg,0
data/class0/353.jpg,0
data/class0/354.jpg,0
data/class0/355.jpg,0
data/class0/356.jpg,0
data/class0/357.jpg,0
data/class0/358.jpg,0
data/class0/359.jpg,0
data/class0/360.jpg,0
data/class0/361.jpg,0
data/class0/362.jpg,0
data/class0/363.jpg,0
data/class0/364.jpg,0
data/class0/365.jpg,0
data/class0/366.jpg,0
data/class0/367.jpg,0
data/class0/368.jpg,0
data/class0/369.jpg,0
data/class0/370.jpg,0
data/class0/371.jpg,0
data/class0/372.jpg,0
data/class0/373.jpg,0
data/class0/374.jpg,0
data/class0/375.jpg,0
data/class0/376.jpg,0
data/class0/377.jpg,0
data/class0/378.jpg,0
data/class0/379.jpg,0
data/class0/380.jpg,0
data/class0/381.jpg,0
data/class0/382.jpg,0
data/class0/383.jpg,0
data/class0/384.jpg,0
data/class0/385.jpg,0
data/class0/386.jpg,0
data/class0/387.jpg,0
data/class0/388.jpg,0
data/class0/389.jpg,0
data/class0/390.jpg,0
data/class0/391.jpg,0
data/class0/392.jpg,0
data/class0/393.jpg,0
data/class0/394.jpg,0
data/class0/395.jpg,0
data/class0/396.jpg,0
data/class0/397.jpg,0
data/class0/398.jpg,0
data/class0/399.jpg,0
data/class0/400.jpg,0
data/class0/401.jpg,0
data/class0/402.jpg,0
data/class0/403.jpg,0
data/class0/404.jpg,0
data/class0/405.jpg,0
data/class0/406.jpg,0
data/class0/407.jpg,0
data/class0/408.jpg,0
data/class0/409.jpg,0
data/class0/410.jpg,0
data/class0/411.jpg,0
data/class0/412.jpg,0
data/class0/413.jpg,0
data/class0/414.jpg,0
data/class0/415.jpg,0
data/class0/416.jpg,0
data/class0/417.jpg,0
data/class0/418.jpg,0
data/class0/419.jpg,0
data/class0/420.jpg,0
data/class0/421.jpg,0
data/class0/422.jpg,0
data/class0/423.jpg,0
data/class0/424.jpg,0
data/class0/425.jpg,0
data/class0/426.jpg,0
data/class0/427.jpg,0
data/class0/428.jpg,0
data/class0/429.jpg,0
data/class0/430.jpg,0
data/class0/431.jpg,0
data/class0/432.jpg,0
data/class0/433.jpg,0
data/class0/434.jpg,0
data/class0/435.jpg,0
data/class0/436.jpg,0
data/class0/437.jpg,0
data/class0/438.jpg,0
data/class0/439.jpg,0
data/class0/440.jpg,0
data/class0/441.jpg,0
data/class0/442.jpg,0
data/class0/443.jpg,0
data/class0/444.jpg,0
data/class0/445.jpg,0
data/class0/446.jpg,0
data/class0/447.jpg,0
data/class0/448.jpg,0
data/class0/449.jpg,0
data/class0/450.jpg,0
data/class0/451.jpg,0
data/class0/452.jpg,0
data/class0/453.jpg,0
data/class0/454.jpg,0
data/class0/455.jpg,0
data/class0/456.jpg,0
data/class0/457.jpg,0
data/class0/458.jpg,0
data/class0/459.jpg,0
data/class0/460.jpg,0
data/class0/461.jpg,0
data/class0/462.jpg,0
data/class0/463.jpg,0
data/class0/464.jpg,0
data/class0/465.jpg,0
data/class0/466.jpg,0
data/class0/467.jpg,0
data/class0/468.jpg,0
data/class0/469.jpg,0
data/class0/470.jpg,0
data/class0/471.jpg,0
data/class0/472.jpg,0
data/class0/473.jpg,0
data/class0/474.jpg,0
data/class0/475.jpg,0
data/class0/476.jpg,0
data/class0/477.jpg,0
data/class0/478.jpg,0
data/class0/479.jpg,0
data/class0/480.jpg,0
data/class0/481.jpg,0
data/class0/482.jpg,0
data/class0/483.jpg,0
data/class0/484.jpg,0
data/class0/485.jpg,0
data/class0/486.jpg,0
data/class0/487.jpg,0
data/class0/488.jpg,0
data/class0/489.jpg,0
data/class0/490.jpg,0
data/class0/491.jpg,0
data/class0/492.jpg,0
data/class0/493.jpg,0
data/class0/494.jpg,0
data/class0/495.jpg,0
data/class0/496.jpg,0
data/class0/497.jpg,0
data/class0/498.jpg,0
data/class0/499.jpg,0
data/class0/500.jpg,0
data/class0/501.jpg,0
data/class0/502.jpg,0
data/class0/503.jpg,0
data/class0/504.jpg,0
data/class0/505.jpg,0
data/class0/506.jpg,0
data/class0/507.jpg,0
data/class0/508.jpg,0
data/class0/509.jpg,0
data/class0/510.jpg,0
data/class0/511.jpg,0
data/class0/512.jpg,0
data/class0/513.jpg,0
data/class0/514.jpg,0
data/class0/515.jpg,0
data/class0/516.jpg,0
data/class0/517.jpg,0
data/class0/518.jpg,0
data/class0/519.jpg,0
data/class0/520.jpg,0
data/class0/521.jpg,0
data/class0/522.jpg,0
data/class0/523.jpg,0
data/class0/524.jpg,0
data/class0/525.jpg,0
data/class0/526.jpg,0
data/class0/527.jpg,0
data/class0/528.jpg,0
data/class0/529.jpg,0
data/class0/530.jpg,0
data/class0/531.jpg,0
data/class0/532.jpg,0
data/class0/533.jpg,0
data/class0/534.jpg,0
data/class0/535.jpg,0
data/class0/536.jpg,0
data/class0/537.jpg,0
data/class0/538.jpg,0
data/class0/539.jpg,0
data/class0/540.jpg,0
data/class0/541.jpg,0
data/class0/542.jpg,0
data/class0/543.jpg,0
data/class0/544.jpg,0
data/class0/545.jpg,0
data/class0/546.jpg,0
data/class0/547.jpg,0
data/class0/548.jpg,0
data/class0/549.jpg,0
data/class0/550.jpg,0
data/class0/551.jpg,0
data/class0/552.jpg,0
data/class0/553.jpg,0
data/class0/554.jpg,0
data/class0/555.jpg,0
data/class0/556.jpg,0
data/class0/557.jpg,0
data/class0/558.jpg,0
data/class0/559.jpg,0
data/class0/560.jpg,0
data/class0/561.jpg,0
data/class0/562.jpg,0
data/class0/563.jpg,0
data/class0/564.jpg,0
data/class0/565.jpg,0
data/class0/566.jpg,0
data/class0/567.jpg,0
data/class0/568.jpg,0
data/class0/569.jpg,0
data/class0/570.jpg,0
data/class0/571.jpg,0
data/class0/572.jpg,0
data/class0/573.jpg,0
data/class0/574.jpg,0
data/class0/575.jpg,0
data/class0/576.jpg,0
data/class0/577.jpg,0
data/class0/578.jpg,0
data/class0/579.jpg,0
data/class0/580.jpg,0
data/class0/581.jpg,0
data/class0/582.jpg,0
data/class0/583.jpg,0
data/class0/584.jpg,0
data/class0/585.jpg,0
data/class0/586.jpg,0
data/class0/587.jpg,0
data/class0/588.jpg,0
data/class0/589.jpg,0
data/class0/590.jpg,0
data/class0/591.jpg,0
data/class0/592.jpg,0
data/class0/593.jpg,0
data/class0/594.jpg,0
data/class0/595.jpg,0
data/class0/596.jpg,0
data/class0/597.jpg,0
data/class0/598.jpg,0
data/class0/599.jpg,0
data/class0/600.jpg,0
data/class1/1.jpg,1
data/class1/2.jpg,1
data/class1/3.jpg,1
data/class1/4.jpg,1
data/class1/5.jpg,1
data/class1/6.jpg,1
data/class1/7.jpg,1
data/class1/8.jpg,1
data/class1/9.jpg,1
data/class1/10.jpg,1
data/class1/11.jpg,1
data/class1/12.jpg,1
data/class1/13.jpg,1
data/class1/14.jpg,1
data/class1/15.jpg,1
data/class1/16.jpg,1
data/class1/17.jpg,1
data/class1/18.jpg,1
data/class1/19.jpg,1
data/class1/20.jpg,1
data/class1/21.jpg,1
data/class1/22.jpg,1
data/class1/23.jpg,1
data/class1/24.jpg,1
data/class1/25.jpg,1
data/class1/26.jpg,1
data/class1/27.jpg,1
data/class1/28.jpg,1
data/class1/29.jpg,1
data/class1/30.jpg,1
data/class1/31.jpg,1
data/class1/32.jpg,1
data/class1/33.jpg,1
data/class1/34.jpg,1
data/class1/35.jpg,1
data/class1/36.jpg,1
data/class1/37.jpg,1
data/class1/38.jpg,1
data/class1/39.jpg,1
data/class1/40.jpg,1
data/class1/41.jpg,1
data/class1/42.jpg,1
data/class1/43.jpg,1
data/class1/44.jpg,1
data/class1/45.jpg,1
data/class1/46.jpg,1
data/class1/47.jpg,1
data/class1/48.jpg,1
data/class1/49.jpg,1
data/class1/50.jpg,1
data/class1/51.jpg,1
data/class1/52.jpg,1
data/class1/53.jpg,1
data/class1/54.jpg,1
data/class1/55.jpg,1
data/class1/56.jpg,1
data/class1/57.jpg,1
data/class1/58.jpg,1
data/class1/59.jpg,1
data/class1/60.jpg,1
data/class1/61.jpg,1
data/class1/62.jpg,1
data/class1/63.jpg,1
data/class1/64.jpg,1
data/class1/65.jpg,1
data/class1/66.jpg,1
data/class1/67.jpg,1
data/class1/68.jpg,1
data/class1/69.jpg,1
data/class1/70.jpg,1
data/class1/71.jpg,1
data/class1/72.jpg,1
data/class1/73.jpg,1
data/class1/74.jpg,1
data/class1/75.jpg,1
data/class1/76.jpg,1
data/class1/77.jpg,1
data/class1/78.jpg,1
data/class1/79.jpg,1
data/class1/80.jpg,1
data/class1/81.jpg,1
data/class1/82.jpg,1
data/class1/83.jpg,1
data/class1/84.jpg,1
data/class1/85.jpg,1
data/class1/86.jpg,1
data/class1/87.jpg,1
data/class1/88.jpg,1
data/class1/89.jpg,1
data/class1/90.jpg,1
data/class1/91.jpg,1
data/class1/92.jpg,1
data/class1/93.jpg,1
data/class1/94.jpg,1
data/class1/95.jpg,1
data/class1/96.jpg,1
data/class1/97.jpg,1
data/class1/98.jpg,1
data/class1/99.jpg,1
data/class1/100.jpg,1
data/class1/101.jpg,1
data/class1/102.jpg,1
data/class1/103.jpg,1
data/class1/104.jpg,1
data/class1/105.jpg,1
data/class1/106.jpg,1
data/class1/107.jpg,1
data/class1/108.jpg,1
data/class1/109.jpg,1
data/class1/110.jpg,1
data/class1/111.jpg,1
data/class1/112.jpg,1
data/class1/113.jpg,1
data/class1/114.jpg,1
data/class1/115.jpg,1
data/class1/116.jpg,1
data/class1/117.jpg,1
data/class1/118.jpg,1
data/class1/119.jpg,1
data/class1/120.jpg,1
data/class1/121.jpg,1
data/class1/122.jpg,1
data/class1/123.jpg,1
data/class1/124.jpg,1
data/class1/125.jpg,1
data/class1/126.jpg,1
data/class1/127.jpg,1
data/class1/128.jpg,1
data/class1/129.jpg,1
data/class1/130.jpg,1
data/class1/131.jpg,1
data/class1/132.jpg,1
data/class1/133.jpg,1
data/class1/134.jpg,1
data/class1/135.jpg,1
data/class1/136.jpg,1
data/class1/137.jpg,1
data/class1/138.jpg,1
data/class1/139.jpg,1
data/class1/140.jpg,1
data/class1/141.jpg,1
data/class1/142.jpg,1
data/class1/143.jpg,1
data/class1/144.jpg,1
data/class1/145.jpg,1
data/class1/146.jpg,1
data/class1/147.jpg,1
data/class1/148.jpg,1
data/class1/149.jpg,1
data/class1/150.jpg,1
data/class1/151.jpg,1
data/class1/152.jpg,1
data/class1/153.jpg,1
data/class1/154.jpg,1
data/class1/155.jpg,1
data/class1/156.jpg,1
data/class1/157.jpg,1
data/class1/158.jpg,1
data/class1/159.jpg,1
data/class1/160.jpg,1
data/class1/161.jpg,1
data/class1/162.jpg,1
data/class1/163.jpg,1
data/class1/164.jpg,1
data/class1/165.jpg,1
data/class1/166.jpg,1
data/class1/167.jpg,1
data/class1/168.jpg,1
data/class1/169.jpg,1
data/class1/170.jpg,1
data/class1/171.jpg,1
data/class1/172.jpg,1
data/class1/173.jpg,1
data/class1/174.jpg,1
data/class1/175.jpg,1
data/class1/176.jpg,1
data/class1/177.jpg,1
data/class1/178.jpg,1
data/class1/179.jpg,1
data/class1/180.jpg,1
data/class1/181.jpg,1
data/class1/182.jpg,1
data/class1/183.jpg,1
data/class1/184.jpg,1
data/class1/185.jpg,1
data/class1/186.jpg,1
data/class1/187.jpg,1
data/class1/188.jpg,1
data/class1/189.jpg,1
data/class1/190.jpg,1
data/class1/191.jpg,1
data/class1/192.jpg,1
data/class1/193.jpg,1
data/class1/194.jpg,1
data/class1/195.jpg,1
data/class1/196.jpg,1
data/class1/197.jpg,1
data/class1/198.jpg,1
data/class1/199.jpg,1
data/class1/200.jpg,1
data/class1/201.jpg,1
data/class1/202.jpg,1
data/class1/203.jpg,1
data/class1/204.jpg,1
data/class1/205.jpg,1
data/class1/206.jpg,1
data/class1/207.jpg,1
data/class1/208.jpg,1
data/class1/209.jpg,1
data/class1/210.jpg,1
data/class1/211.jpg,1
data/class1/212.jpg,1
data/class1/213.jpg,1
data/class1/214.jpg,1
data/class1/215.jpg,1
data/class1/216.jpg,1
data/class1/217.jpg,1
data/class1/218.jpg,1
data/class1/219.jpg,1
data/class1/220.jpg,1
data/class1/221.jpg,1
data/class1/222.jpg,1
data/class1/223.jpg,1
data/class1/224.jpg,1
data/class1/225.jpg,1
data/class1/226.jpg,1
data/class1/227.jpg,1
data/class1/228.jpg,1
data/class1/229.jpg,1
data/class1/230.jpg,1
data/class1/231.jpg,1
data/class1/232.jpg,1
data/class1/233.jpg,1
data/class1/234.jpg,1
data/class1/235.jpg,1
data/class1/236.jpg,1
data/class1/237.jpg,1
data/class1/238.jpg,1
data/class1/239.jpg,1
data/class1/240.jpg,1
data/class1/241.jpg,1
data/class1/242.jpg,1
data/class1/243.jpg,1
data/class1/244.jpg,1
data/class1/245.jpg,1
data/class1/246.jpg,1
data/class1/247.jpg,1
data/class1/248.jpg,1
data/class1/249.jpg,1
data/class1/250.jpg,1
data/class1/251.jpg,1
data/class1/252.jpg,1
data/class1/253.jpg,1
data/class1/254.jpg,1
data/class1/255.jpg,1
data/class1/256.jpg,1
data/class1/257.jpg,1
data/class1/258.jpg,1
data/class1/259.jpg,1
data/class1/260.jpg,1
data/class1/261.jpg,1
data/class1/262.jpg,1
data/class1/263.jpg,1
data/class1/264.jpg,1
data/class1/265.jpg,1
data/class1/266.jpg,1
data/class1/267.jpg,1
data/class1/268.jpg,1
data/class1/269.jpg,1
data/class1/270.jpg,1
data/class1/271.jpg,1
data/class1/272.jpg,1
data/class1/273.jpg,1
data/class1/274.jpg,1
data/class1/275.jpg,1
data/class1/276.jpg,1
data/class1/277.jpg,1
data/class1/278.jpg,1
data/class1/279.jpg,1
data/class1/280.jpg,1
data/class1/281.jpg,1
data/class1/282.jpg,1
data/class1/283.jpg,1
data/class1/284.jpg,1
data/class1/285.jpg,1
data/class1/286.jpg,1
data/class1/287.jpg,1
data/class1/288.jpg,1
data/class1/289.jpg,1
data/class1/290.jpg,1
data/class1/291.jpg,1
data/class1/292.jpg,1
data/class1/293.jpg,1
data/class1/294.jpg,1
data/class1/295.jpg,1
data/class1/296.jpg,1
data/class1/297.jpg,1
data/class1/298.jpg,1
data/class1/299.jpg,1
data/class1/300.jpg,1
data/class1/301.jpg,1
data/class1/302.jpg,1
data/class1/303.jpg,1
data/class1/304.jpg,1
data/class1/305.jpg,1
data/class1/306.jpg,1
data/class1/307.jpg,1
data/class1/308.jpg,1
data/class1/309.jpg,1
data/class1/310.jpg,1
data/class1/311.jpg,1
data/class1/312.jpg,1
data/class1/313.jpg,1
data/class1/314.jpg,1
data/class1/315.jpg,1
data/class1/316.jpg,1
data/class1/317.jpg,1
data/class1/318.jpg,1
data/class1/319.jpg,1
data/class1/320.jpg,1
data/class1/321.jpg,1
data/class1/322.jpg,1
data/class1/323.jpg,1
data/class1/324.jpg,1
data/class1/325.jpg,1
data/class1/326.jpg,1
data/class1/327.jpg,1
data/class1/328.jpg,1
data/class1/329.jpg,1
data/class1/330.jpg,1
data/class1/331.jpg,1
data/class1/332.jpg,1
data/class1/333.jpg,1
data/class1/334.jpg,1
data/class1/335.jpg,1
data/class1/336.jpg,1
data/class1/337.jpg,1
data/class1/338.jpg,1
data/class1/339.jpg,1
data/class1/340.jpg,1
data/class1/341.jpg,1
data/class1/342.jpg,1
data/class1/343.jpg,1
data/class1/344.jpg,1
data/class1/345.jpg,1
data/class1/346.jpg,1
data/class1/347.jpg,1
data/class1/348.jpg,1
data/class1/349.jpg,1
data/class1/350.jpg,1
data/class1/351.jpg,1
data/class1/352.jpg,1
data/class1/353.jpg,1
data/class1/354.jpg,1
data/class1/355.jpg,1
data/class1/356.jpg,1
data/class1/357.jpg,1
data/class1/358.jpg,1
data/class1/359.jpg,1
data/class1/360.jpg,1
data/class1/361.jpg,1
data/class1/362.jpg,1
data/class1/363.jpg,1
data/class1/364.jpg,1
data/class1/365.jpg,1
data/class1/366.jpg,1
data/class1/367.jpg,1
data/class1/368.jpg,1
data/class1/369.jpg,1
data/class1/370.jpg,1
data/class1/371.jpg,1
data/class1/372.jpg,1
data/class1/373.jpg,1
data/class1/374.jpg,1
data/class1/375.jpg,1
data/class1/376.jpg,1
data/class1/377.jpg,1
data/class1/378.jpg,1
data/class1/379.jpg,1
data/class1/380.jpg,1
data/class1/381.jpg,1
data/class1/382.jpg,1
data/class1/383.jpg,1
data/class1/384.jpg,1
data/class1/385.jpg,1
data/class1/386.jpg,1
data/class1/387.jpg,1
data/class1/388.jpg,1
data/class1/389.jpg,1
data/class1/390.jpg,1
data/class1/391.jpg,1
data/class1/392.jpg,1
data/class1/393.jpg,1
data/class1/394.jpg,1
data/class1/395.jpg,1
data/class1/396.jpg,1
data/class1/397.jpg,1
data/class1/398.jpg,1
data/class1/399.jpg,1
data/class1/400.jpg,1
data/class1/401.jpg,1
data/class1/402.jpg,1
data/class1/403.jpg,1
data/class1/404.jpg,1
data/class1/405.jpg,1
data/class1/406.jpg,1
data/class1/407.jpg,1
data/class1/408.jpg,1
data/class1/409.jpg,1
data/class1/410.jpg,1
data/class1/411.jpg,1
data/class1/412.jpg,1
data/class1/413.jpg,1
data/class1/414.jpg,1
data/class1/415.jpg,1
data/class1/416.jpg,1
data/class1/417.jpg,1
data/class1/418.jpg,1
data/class1/419.jpg,1
data/class1/420.jpg,1
data/class1/421.jpg,1
data/class1/422.jpg,1
data/class1/423.jpg,1
data/class1/424.jpg,1
data/class1/425.jpg,1
data/class1/426.jpg,1
data/class1/427.jpg,1
data/class1/428.jpg,1
data/class1/429.jpg,1
data/class1/430.jpg,1
data/class1/431.jpg,1
data/class1/432.jpg,1
data/class1/433.jpg,1
data/class1/434.jpg,1
data/class1/435.jpg,1
data/class1/436.jpg,1
data/class1/437.jpg,1
data/class1/438.jpg,1
data/class1/439.jpg,1
data/class1/440.jpg,1
data/class1/441.jpg,1
data/class1/442.jpg,1
data/class1/443.jpg,1
data/class1/444.jpg,1
data/class1/445.jpg,1
data/class1/446.jpg,1
data/class1/447.jpg,1
data/class1/448.jpg,1
data/class1/449.jpg,1
data/class1/450.jpg,1
data/class1/451.jpg,1
data/class1/452.jpg,1
data/class1/453.jpg,1
data/class1/454.jpg,1
data/class1/455.jpg,1
data/class1/456.jpg,1
data/class1/457.jpg,1
data/class1/458.jpg,1
data/class1/459.jpg,1
data/class1/460.jpg,1
data/class1/461.jpg,1
data/class1/462.jpg,1
data/class1/463.jpg,1
data/class1/464.jpg,1
data/class1/465.jpg,1
data/class1/466.jpg,1
data/class1/467.jpg,1
data/class1/468.jpg,1
data/class1/469.jpg,1
data/class1/470.jpg,1
data/class1/471.jpg,1
data/class1/472.jpg,1
data/class1/473.jpg,1
data/class1/474.jpg,1
data/class1/475.jpg,1
data/class1/476.jpg,1
data/class1/477.jpg,1
data/class1/478.jpg,1
data/class1/479.jpg,1
data/class1/480.jpg,1
data/class1/481.jpg,1
data/class1/482.jpg,1
data/class1/483.jpg,1
data/class1/484.jpg,1
data/class1/485.jpg,1
data/class1/486.jpg,1
data/class1/487.jpg,1
data/class1/488.jpg,1
data/class1/489.jpg,1
data/class1/490.jpg,1
data/class1/491.jpg,1
data/class1/492.jpg,1
data/class1/493.jpg,1
data/class1/494.jpg,1
data/class1/495.jpg,1
data/class1/496.jpg,1
data/class1/497.jpg,1
data/class1/498.jpg,1
data/class1/499.jpg,1
data/class1/500.jpg,1
data/class1/501.jpg,1
data/class1/502.jpg,1
data/class1/503.jpg,1
data/class1/504.jpg,1
data/class1/505.jpg,1
data/class1/506.jpg,1
data/class1/507.jpg,1
data/class1/508.jpg,1
data/class1/509.jpg,1
data/class1/510.jpg,1
data/class1/511.jpg,1
data/class1/512.jpg,1
data/class1/513.jpg,1
data/class1/514.jpg,1
data/class1/515.jpg,1
data/class1/516.jpg,1
data/class1/517.jpg,1
data/class1/518.jpg,1
data/class1/519.jpg,1
data/class1/520.jpg,1
data/class1/521.jpg,1
data/class1/522.jpg,1
data/class1/523.jpg,1
data/class1/524.jpg,1
data/class1/525.jpg,1
data/class1/526.jpg,1
data/class1/527.jpg,1
data/class1/528.jpg,1
data/class1/529.jpg,1
data/class1/530.jpg,1
data/class1/531.jpg,1
data/class1/532.jpg,1
data/class1/533.jpg,1
data/class1/534.jpg,1
data/class1/535.jpg,1
data/class1/536.jpg,1
data/class1/537.jpg,1
data/class1/538.jpg,1
data/class1/539.jpg,1
data/class1/540.jpg,1
data/class1/541.jpg,1
data/class1/542.jpg,1
data/class1/543.jpg,1
data/class1/544.jpg,1
data/class1/545.jpg,1
data/class1/546.jpg,1
data/class1/547.jpg,1
data/class1/548.jpg,1
data/class1/549.jpg,1
data/class1/550.jpg,1
data/class1/551.jpg,1
data/class1/552.jpg,1
data/class1/553.jpg,1
data/class1/554.jpg,1
data/class1/555.jpg,1
data/class1/556.jpg,1
data/class1/557.jpg,1
data/class1/558.jpg,1
data/class1/559.jpg,1
data/class1/560.jpg,1
data/class1/561.jpg,1
data/class1/562.jpg,1
data/class1/563.jpg,1
data/class1/564.jpg,1
data/class1/565.jpg,1
data/class1/566.jpg,1
data/class1/567.jpg,1
data/class1/568.jpg,1
data/class1/569.jpg,1
data/class1/570.jpg,1
data/class1/571.jpg,1
data/class1/572.jpg,1
data/class1/573.jpg,1
data/class1/574.jpg,1
data/class1/575.jpg,1
data/class1/576.jpg,1
data/class1/577.jpg,1
data/class1/578.jpg,1
data/class1/579.jpg,1
data/class1/580.jpg,1
data/class1/581.jpg,1
data/class1/582.jpg,1
data/class1/583.jpg,1
data/class1/584.jpg,1
data/class1/585.jpg,1
data/class1/586.jpg,1
data/class1/587.jpg,1
data/class1/588.jpg,1
data/class1/589.jpg,1
data/class1/590.jpg,1
data/class1/591.jpg,1
data/class1/592.jpg,1
data/class1/593.jpg,1
data/class1/594.jpg,1
data/class1/595.jpg,1
data/class1/596.jpg,1
data/class1/597.jpg,1
data/class1/598.jpg,1
data/class1/599.jpg,1
data/class1/600.jpg,1
data/class2/1.jpg,2
data/class2/2.jpg,2
data/class2/3.jpg,2
data/class2/4.jpg,2
data/class2/5.jpg,2
data/class2/6.jpg,2
data/class2/7.jpg,2
data/class2/8.jpg,2
data/class2/9.jpg,2
data/class2/10.jpg,2
data/class2/11.jpg,2
data/class2/12.jpg,2
data/class2/13.jpg,2
data/class2/14.jpg,2
data/class2/15.jpg,2
data/class2/16.jpg,2
data/class2/17.jpg,2
data/class2/18.jpg,2
data/class2/19.jpg,2
data/class2/20.jpg,2
data/class2/21.jpg,2
data/class2/22.jpg,2
data/class2/23.jpg,2
data/class2/24.jpg,2
data/class2/25.jpg,2
data/class2/26.jpg,2
data/class2/27.jpg,2
data/class2/28.jpg,2
data/class2/29.jpg,2
data/class2/30.jpg,2
data/class2/31.jpg,2
data/class2/32.jpg,2
data/class2/33.jpg,2
data/class2/34.jpg,2
data/class2/35.jpg,2
data/class2/36.jpg,2
data/class2/37.jpg,2
data/class2/38.jpg,2
data/class2/39.jpg,2
data/class2/40.jpg,2
data/class2/41.jpg,2
data/class2/42.jpg,2
data/class2/43.jpg,2
data/class2/44.jpg,2
data/class2/45.jpg,2
data/class2/46.jpg,2
data/class2/47.jpg,2
data/class2/48.jpg,2
data/class2/49.jpg,2
data/class2/50.jpg,2
data/class2/51.jpg,2
data/class2/52.jpg,2
data/class2/53.jpg,2
data/class2/54.jpg,2
data/class2/55.jpg,2
data/class2/56.jpg,2
data/class2/57.jpg,2
data/class2/58.jpg,2
data/class2/59.jpg,2
data/class2/60.jpg,2
data/class2/61.jpg,2
data/class2/62.jpg,2
data/class2/63.jpg,2
data/class2/64.jpg,2
data/class2/65.jpg,2
data/class2/66.jpg,2
data/class2/67.jpg,2
data/class2/68.jpg,2
data/class2/69.jpg,2
data/class2/70.jpg,2
data/class2/71.jpg,2
data/class2/72.jpg,2
data/class2/73.jpg,2
data/class2/74.jpg,2
data/class2/75.jpg,2
data/class2/76.jpg,2
data/class2/77.jpg,2
data/class2/78.jpg,2
data/class2/79.jpg,2
data/class2/80.jpg,2
data/class2/81.jpg,2
data/class2/82.jpg,2
data/class2/83.jpg,2
data/class2/84.jpg,2
data/class2/85.jpg,2
data/class2/86.jpg,2
data/class2/87.jpg,2
data/class2/88.jpg,2
data/class2/89.jpg,2
data/class2/90.jpg,2
data/class2/91.jpg,2
data/class2/92.jpg,2
data/class2/93.jpg,2
data/class2/94.jpg,2
data/class2/95.jpg,2
data/class2/96.jpg,2
data/class2/97.jpg,2
data/class2/98.jpg,2
data/class2/99.jpg,2
data/class2/100.jpg,2
data/class2/101.jpg,2
data/class2/102.jpg,2
data/class2/103.jpg,2
data/class2/104.jpg,2
data/class2/105.jpg,2
data/class2/106.jpg,2
data/class2/107.jpg,2
data/class2/108.jpg,2
data/class2/109.jpg,2
data/class2/110.jpg,2
data/class2/111.jpg,2
data/class2/112.jpg,2
data/class2/113.jpg,2
data/class2/114.jpg,2
data/class2/115.jpg,2
data/class2/116.jpg,2
data/class2/117.jpg,2
data/class2/118.jpg,2
data/class2/119.jpg,2
data/class2/120.jpg,2
data/class2/121.jpg,2
data/class2/122.jpg,2
data/class2/123.jpg,2
data/class2/124.jpg,2
data/class2/125.jpg,2
data/class2/126.jpg,2
data/class2/127.jpg,2
data/class2/128.jpg,2
data/class2/129.jpg,2
data/class2/130.jpg,2
data/class2/131.jpg,2
data/class2/132.jpg,2
data/class2/133.jpg,2
data/class2/134.jpg,2
data/class2/135.jpg,2
data/class2/136.jpg,2
data/class2/137.jpg,2
data/class2/138.jpg,2
data/class2/139.jpg,2
data/class2/140.jpg,2
data/class2/141.jpg,2
data/class2/142.jpg,2
data/class2/143.jpg,2
data/class2/144.jpg,2
data/class2/145.jpg,2
data/class2/146.jpg,2
data/class2/147.jpg,2
data/class2/148.jpg,2
data/class2/149.jpg,2
data/class2/150.jpg,2
data/class2/151.jpg,2
data/class2/152.jpg,2
data/class2/153.jpg,2
data/class2/154.jpg,2
data/class2/155.jpg,2
data/class2/156.jpg,2
data/class2/157.jpg,2
data/class2/158.jpg,2
data/class2/159.jpg,2
data/class2/160.jpg,2
data/class2/161.jpg,2
data/class2/162.jpg,2
data/class2/163.jpg,2
data/class2/164.jpg,2
data/class2/165.jpg,2
data/class2/166.jpg,2
data/class2/167.jpg,2
data/class2/168.jpg,2
data/class2/169.jpg,2
data/class2/170.jpg,2
data/class2/171.jpg,2
data/class2/172.jpg,2
data/class2/173.jpg,2
data/class2/174.jpg,2
data/class2/175.jpg,2
data/class2/176.jpg,2
data/class2/177.jpg,2
data/class2/178.jpg,2
data/class2/179.jpg,2
data/class2/180.jpg,2
data/class2/181.jpg,2
data/class2/182.jpg,2
data/class2/183.jpg,2
data/class2/184.jpg,2
data/class2/185.jpg,2
data/class2/186.jpg,2
data/class2/187.jpg,2
data/class2/188.jpg,2
data/class2/189.jpg,2
data/class2/190.jpg,2
data/class2/191.jpg,2
data/class2/192.jpg,2
data/class2/193.jpg,2
data/class2/194.jpg,2
data/class2/195.jpg,2
data/class2/196.jpg,2
data/class2/197.jpg,2
data/class2/198.jpg,2
data/class2/199.jpg,2
data/class2/200.jpg,2
data/class2/201.jpg,2
data/class2/202.jpg,2
data/class2/203.jpg,2
data/class2/204.jpg,2
data/class2/205.jpg,2
data/class2/206.jpg,2
data/class2/207.jpg,2
data/class2/208.jpg,2
data/class2/209.jpg,2
data/class2/210.jpg,2
data/class2/211.jpg,2
data/class2/212.jpg,2
data/class2/213.jpg,2
data/class2/214.jpg,2
data/class2/215.jpg,2
data/class2/216.jpg,2
data/class2/217.jpg,2
data/class2/218.jpg,2
data/class2/219.jpg,2
data/class2/220.jpg,2
data/class2/221.jpg,2
data/class2/222.jpg,2
data/class2/223.jpg,2
data/class2/224.jpg,2
data/class2/225.jpg,2
data/class2/226.jpg,2
data/class2/227.jpg,2
data/class2/228.jpg,2
data/class2/229.jpg,2
data/class2/230.jpg,2
data/class2/231.jpg,2
data/class2/232.jpg,2
data/class2/233.jpg,2
data/class2/234.jpg,2
data/class2/235.jpg,2
data/class2/236.jpg,2
data/class2/237.jpg,2
data/class2/238.jpg,2
data/class2/239.jpg,2
data/class2/240.jpg,2
data/class2/241.jpg,2
data/class2/242.jpg,2
data/class2/243.jpg,2
data/class2/244.jpg,2
data/class2/245.jpg,2
data/class2/246.jpg,2
data/class2/247.jpg,2
data/class2/248.jpg,2
data/class2/249.jpg,2
data/class2/250.jpg,2
data/class2/251.jpg,2
data/class2/252.jpg,2
data/class2/253.jpg,2
data/class2/254.jpg,2
data/class2/255.jpg,2
data/class2/256.jpg,2
data/class2/257.jpg,2
data/class2/258.jpg,2
data/class2/259.jpg,2
data/class2/260.jpg,2
data/class2/261.jpg,2
data/class2/262.jpg,2
data/class2/263.jpg,2
data/class2/264.jpg,2
data/class2/265.jpg,2
data/class2/266.jpg,2
data/class2/267.jpg,2
data/class2/268.jpg,2
data/class2/269.jpg,2
data/class2/270.jpg,2
data/class2/271.jpg,2
data/class2/272.jpg,2
data/class2/273.jpg,2
data/class2/274.jpg,2
data/class2/275.jpg,2
data/class2/276.jpg,2
data/class2/277.jpg,2
data/class2/278.jpg,2
data/class2/279.jpg,2
data/class2/280.jpg,2
data/class2/281.jpg,2
data/class2/282.jpg,2
data/class2/283.jpg,2
data/class2/284.jpg,2
data/class2/285.jpg,2
data/class2/286.jpg,2
data/class2/287.jpg,2
data/class2/288.jpg,2
data/class2/289.jpg,2
data/class2/290.jpg,2
data/class2/291.jpg,2
data/class2/292.jpg,2
data/class2/293.jpg,2
data/class2/294.jpg,2
data/class2/295.jpg,2
data/class2/296.jpg,2
data/class2/297.jpg,2
data/class2/298.jpg,2
data/class2/299.jpg,2
data/class2/300.jpg,2
data/class2/301.jpg,2
data/class2/302.jpg,2
data/class2/303.jpg,2
data/class2/304.jpg,2
data/class2/305.jpg,2
data/class2/306.jpg,2
data/class2/307.jpg,2
data/class2/308.jpg,2
data/class2/309.jpg,2
data/class2/310.jpg,2
data/class2/311.jpg,2
data/class2/312.jpg,2
data/class2/313.jpg,2
data/class2/314.jpg,2
data/class2/315.jpg,2
data/class2/316.jpg,2
data/class2/317.jpg,2
data/class2/318.jpg,2
data/class2/319.jpg,2
data/class2/320.jpg,2
data/class2/321.jpg,2
data/class2/322.jpg,2
data/class2/323.jpg,2
data/class2/324.jpg,2
data/class2/325.jpg,2
data/class2/326.jpg,2
data/class2/327.jpg,2
data/class2/328.jpg,2
data/class2/329.jpg,2
data/class2/330.jpg,2
data/class2/331.jpg,2
data/class2/332.jpg,2
data/class2/333.jpg,2
data/class2/334.jpg,2
data/class2/335.jpg,2
data/class2/336.jpg,2
data/class2/337.jpg,2
data/class2/338.jpg,2
data/class2/339.jpg,2
data/class2/340.jpg,2
data/class2/341.jpg,2
data/class2/342.jpg,2
data/class2/343.jpg,2
data/class2/344.jpg,2
data/class2/345.jpg,2
data/class2/346.jpg,2
data/class2/347.jpg,2
data/class2/348.jpg,2
data/class2/349.jpg,2
data/class2/350.jpg,2
data/class2/351.jpg,2
data/class2/352.jpg,2
data/class2/353.jpg,2
data/class2/354.jpg,2
data/class2/355.jpg,2
data/class2/356.jpg,2
data/class2/357.jpg,2
data/class2/358.jpg,2
data/class2/359.jpg,2
data/class2/360.jpg,2
data/class2/361.jpg,2
data/class2/362.jpg,2
data/class2/363.jpg,2
data/class2/364.jpg,2
data/class2/365.jpg,2
data/class2/366.jpg,2
data/class2/367.jpg,2
data/class2/368.jpg,2
data/class2/369.jpg,2
data/class2/370.jpg,2
data/class2/371.jpg,2
data/class2/372.jpg,2
data/class2/373.jpg,2
data/class2/374.jpg,2
data/class2/375.jpg,2
data/class2/376.jpg,2
data/class2/377.jpg,2
data/class2/378.jpg,2
data/class2/379.jpg,2
data/class2/380.jpg,2
data/class2/381.jpg,2
data/class2/382.jpg,2
data/class2/383.jpg,2
data/class2/384.jpg,2
data/class2/385.jpg,2
data/class2/386.jpg,2
data/class2/387.jpg,2
data/class2/388.jpg,2
data/class2/389.jpg,2
data/class2/390.jpg,2
data/class2/391.jpg,2
data/class2/392.jpg,2
data/class2/393.jpg,2
data/class2/394.jpg,2
data/class2/395.jpg,2
data/class2/396.jpg,2
data/class2/397.jpg,2
data/class2/398.jpg,2
data/class2/399.jpg,2
data/class2/400.jpg,2
data/class2/401.jpg,2
data/class2/402.jpg,2
data/class2/403.jpg,2
data/class2/404.jpg,2
data/class2/405.jpg,2
data/class2/406.jpg,2
data/class2/407.jpg,2
data/class2/408.jpg,2
data/class2/409.jpg,2
data/class2/410.jpg,2
data/class2/411.jpg,2
data/class2/412.jpg,2
data/class2/413.jpg,2
data/class2/414.jpg,2
data/class2/415.jpg,2
data/class2/416.jpg,2
data/class2/417.jpg,2
data/class2/418.jpg,2
data/class2/419.jpg,2
data/class2/420.jpg,2
data/class2/421.jpg,2
data/class2/422.jpg,2
data/class2/423.jpg,2
data/class2/424.jpg,2
data/class2/425.jpg,2
data/class2/426.jpg,2
data/class2/427.jpg,2
data/class2/428.jpg,2
data/class2/429.jpg,2
data/class2/430.jpg,2
data/class2/431.jpg,2
data/class2/432.jpg,2
data/class2/433.jpg,2
data/class2/434.jpg,2
data/class2/435.jpg,2
data/class2/436.jpg,2
data/class2/437.jpg,2
data/class2/438.jpg,2
data/class2/439.jpg,2
data/class2/440.jpg,2
data/class2/441.jpg,2
data/class2/442.jpg,2
data/class2/443.jpg,2
data/class2/444.jpg,2
data/class2/445.jpg,2
data/class2/446.jpg,2
data/class2/447.jpg,2
data/class2/448.jpg,2
data/class2/449.jpg,2
data/class2/450.jpg,2
data/class2/451.jpg,2
data/class2/452.jpg,2
data/class2/453.jpg,2
data/class2/454.jpg,2
data/class2/455.jpg,2
data/class2/456.jpg,2
data/class2/457.jpg,2
data/class2/458.jpg,2
data/class2/459.jpg,2
data/class2/460.jpg,2
data/class2/461.jpg,2
data/class2/462.jpg,2
data/class2/463.jpg,2
data/class2/464.jpg,2
data/class2/465.jpg,2
data/class2/466.jpg,2
data/class2/467.jpg,2
data/class2/468.jpg,2
data/class2/469.jpg,2
data/class2/470.jpg,2
data/class2/471.jpg,2
data/class2/472.jpg,2
data/class2/473.jpg,2
data/class2/474.jpg,2
data/class2/475.jpg,2
data/class2/476.jpg,2
data/class2/477.jpg,2
data/class2/478.jpg,2
data/class2/479.jpg,2
data/class2/480.jpg,2
data/class2/481.jpg,2
data/class2/482.jpg,2
data/class2/483.jpg,2
data/class2/484.jpg,2
data/class2/485.jpg,2
data/class2/486.jpg,2
data/class2/487.jpg,2
data/class2/488.jpg,2
data/class2/489.jpg,2
data/class2/490.jpg,2
data/class2/491.jpg,2
data/class2/492.jpg,2
data/class2/493.jpg,2
data/class2/494.jpg,2
data/class2/495.jpg,2
data/class2/496.jpg,2
data/class2/497.jpg,2
data/class2/498.jpg,2
data/class2/499.jpg,2
data/class2/500.jpg,2
data/class2/501.jpg,2
data/class2/502.jpg,2
data/class2/503.jpg,2
data/class2/504.jpg,2
data/class2/505.jpg,2
data/class2/506.jpg,2
data/class2/507.jpg,2
data/class2/508.jpg,2
data/class2/509.jpg,2
data/class2/510.jpg,2
data/class2/511.jpg,2
data/class2/512.jpg,2
data/class2/513.jpg,2
data/class2/514.jpg,2
data/class2/515.jpg,2
data/class2/516.jpg,2
data/class2/517.jpg,2
data/class2/518.jpg,2
data/class2/519.jpg,2
data/class2/520.jpg,2
data/class2/521.jpg,2
data/class2/522.jpg,2
data/class2/523.jpg,2
data/class2/524.jpg,2
data/class2/525.jpg,2
data/class2/526.jpg,2
data/class2/527.jpg,2
data/class2/528.jpg,2
data/class2/529.jpg,2
data/class2/530.jpg,2
data/class2/531.jpg,2
data/class2/532.jpg,2
data/class2/533.jpg,2
data/class2/534.jpg,2
data/class2/535.jpg,2
data/class2/536.jpg,2
data/class2/537.jpg,2
data/class2/538.jpg,2
data/class2/539.jpg,2
data/class2/540.jpg,2
data/class2/541.jpg,2
data/class2/542.jpg,2
data/class2/543.jpg,2
data/class2/544.jpg,2
data/class2/545.jpg,2
data/class2/546.jpg,2
data/class2/547.jpg,2
data/class2/548.jpg,2
data/class2/549.jpg,2
data/class2/550.jpg,2
data/class2/551.jpg,2
data/class2/552.jpg,2
data/class2/553.jpg,2
data/class2/554.jpg,2
data/class2/555.jpg,2
data/class2/556.jpg,2
data/class2/557.jpg,2
data/class2/558.jpg,2
data/class2/559.jpg,2
data/class2/560.jpg,2
data/class2/561.jpg,2
data/class2/562.jpg,2
data/class2/563.jpg,2
data/class2/564.jpg,2
data/class2/565.jpg,2
data/class2/566.jpg,2
data/class2/567.jpg,2
data/class2/568.jpg,2
data/class2/569.jpg,2
data/class2/570.jpg,2
data/class2/571.jpg,2
data/class2/572.jpg,2
data/class2/573.jpg,2
data/class2/574.jpg,2
data/class2/575.jpg,2
data/class2/576.jpg,2
data/class2/577.jpg,2
data/class2/578.jpg,2
data/class2/579.jpg,2
data/class2/580.jpg,2
data/class2/581.jpg,2
data/class2/582.jpg,2
data/class2/583.jpg,2
data/class2/584.jpg,2
data/class2/585.jpg,2
data/class2/586.jpg,2
data/class2/587.jpg,2
data/class2/588.jpg,2
data/class2/589.jpg,2
data/class2/590.jpg,2
data/class2/591.jpg,2
data/class2/592.jpg,2
data/class2/593.jpg,2
data/class2/594.jpg,2
data/class2/595.jpg,2
data/class2/596.jpg,2
data/class2/597.jpg,2
data/class2/598.jpg,2
data/class2/599.jpg,2
data/class2/600.jpg,2
data/class3/1.jpg,3
data/class3/2.jpg,3
data/class3/3.jpg,3
data/class3/4.jpg,3
data/class3/5.jpg,3
data/class3/6.jpg,3
data/class3/7.jpg,3
data/class3/8.jpg,3
data/class3/9.jpg,3
data/class3/10.jpg,3
data/class3/11.jpg,3
data/class3/12.jpg,3
data/class3/13.jpg,3
data/class3/14.jpg,3
data/class3/15.jpg,3
data/class3/16.jpg,3
data/class3/17.jpg,3
data/class3/18.jpg,3
data/class3/19.jpg,3
data/class3/20.jpg,3
data/class3/21.jpg,3
data/class3/22.jpg,3
data/class3/23.jpg,3
data/class3/24.jpg,3
data/class3/25.jpg,3
data/class3/26.jpg,3
data/class3/27.jpg,3
data/class3/28.jpg,3
data/class3/29.jpg,3
data/class3/30.jpg,3
data/class3/31.jpg,3
data/class3/32.jpg,3
data/class3/33.jpg,3
data/class3/34.jpg,3
data/class3/35.jpg,3
data/class3/36.jpg,3
data/class3/37.jpg,3
data/class3/38.jpg,3
data/class3/39.jpg,3
data/class3/40.jpg,3
data/class3/41.jpg,3
data/class3/42.jpg,3
data/class3/43.jpg,3
data/class3/44.jpg,3
data/class3/45.jpg,3
data/class3/46.jpg,3
data/class3/47.jpg,3
data/class3/48.jpg,3
data/class3/49.jpg,3
data/class3/50.jpg,3
data/class3/51.jpg,3
data/class3/52.jpg,3
data/class3/53.jpg,3
data/class3/54.jpg,3
data/class3/55.jpg,3
data/class3/56.jpg,3
data/class3/57.jpg,3
data/class3/58.jpg,3
data/class3/59.jpg,3
data/class3/60.jpg,3
data/class3/61.jpg,3
data/class3/62.jpg,3
data/class3/63.jpg,3
data/class3/64.jpg,3
data/class3/65.jpg,3
data/class3/66.jpg,3
data/class3/67.jpg,3
data/class3/68.jpg,3
data/class3/69.jpg,3
data/class3/70.jpg,3
data/class3/71.jpg,3
data/class3/72.jpg,3
data/class3/73.jpg,3
data/class3/74.jpg,3
data/class3/75.jpg,3
data/class3/76.jpg,3
data/class3/77.jpg,3
data/class3/78.jpg,3
data/class3/79.jpg,3
data/class3/80.jpg,3
data/class3/81.jpg,3
data/class3/82.jpg,3
data/class3/83.jpg,3
data/class3/84.jpg,3
data/class3/85.jpg,3
data/class3/86.jpg,3
data/class3/87.jpg,3
data/class3/88.jpg,3
data/class3/89.jpg,3
data/class3/90.jpg,3
data/class3/91.jpg,3
data/class3/92.jpg,3
data/class3/93.jpg,3
data/class3/94.jpg,3
data/class3/95.jpg,3
data/class3/96.jpg,3
data/class3/97.jpg,3
data/class3/98.jpg,3
data/class3/99.jpg,3
data/class3/100.jpg,3
data/class3/101.jpg,3
data/class3/102.jpg,3
data/class3/103.jpg,3
data/class3/104.jpg,3
data/class3/105.jpg,3
data/class3/106.jpg,3
data/class3/107.jpg,3
data/class3/108.jpg,3
data/class3/109.jpg,3
data/class3/110.jpg,3
data/class3/111.jpg,3
data/class3/112.jpg,3
data/class3/113.jpg,3
data/class3/114.jpg,3
data/class3/115.jpg,3
data/class3/116.jpg,3
data/class3/117.jpg,3
data/class3/118.jpg,3
data/class3/119.jpg,3
data/class3/120.jpg,3
data/class3/121.jpg,3
data/class3/122.jpg,3
data/class3/123.jpg,3
data/class3/124.jpg,3
data/class3/125.jpg,3
data/class3/126.jpg,3
data/class3/127.jpg,3
data/class3/128.jpg,3
data/class3/129.jpg,3
data/class3/130.jpg,3
data/class3/131.jpg,3
data/class3/132.jpg,3
data/class3/133.jpg,3
data/class3/134.jpg,3
data/class3/135.jpg,3
data/class3/136.jpg,3
data/class3/137.jpg,3
data/class3/138.jpg,3
data/class3/139.jpg,3
data/class3/140.jpg,3
data/class3/141.jpg,3
data/class3/142.jpg,3
data/class3/143.jpg,3
data/class3/144.jpg,3
data/class3/145.jpg,3
data/class3/146.jpg,3
data/class3/147.jpg,3
data/class3/148.jpg,3
data/class3/149.jpg,3
data/class3/150.jpg,3
data/class3/151.jpg,3
data/class3/152.jpg,3
data/class3/153.jpg,3
data/class3/154.jpg,3
data/class3/155.jpg,3
data/class3/156.jpg,3
data/class3/157.jpg,3
data/class3/158.jpg,3
data/class3/159.jpg,3
data/class3/160.jpg,3
data/class3/161.jpg,3
data/class3/162.jpg,3
data/class3/163.jpg,3
data/class3/164.jpg,3
data/class3/165.jpg,3
data/class3/166.jpg,3
data/class3/167.jpg,3
data/class3/168.jpg,3
data/class3/169.jpg,3
data/class3/170.jpg,3
data/class3/171.jpg,3
data/class3/172.jpg,3
data/class3/173.jpg,3
data/class3/174.jpg,3
data/class3/175.jpg,3
data/class3/176.jpg,3
data/class3/177.jpg,3
data/class3/178.jpg,3
data/class3/179.jpg,3
data/class3/180.jpg,3
data/class3/181.jpg,3
data/class3/182.jpg,3
data/class3/183.jpg,3
data/class3/184.jpg,3
data/class3/185.jpg,3
data/class3/186.jpg,3
data/class3/187.jpg,3
data/class3/188.jpg,3
data/class3/189.jpg,3
data/class3/190.jpg,3
data/class3/191.jpg,3
data/class3/192.jpg,3
data/class3/193.jpg,3
data/class3/194.jpg,3
data/class3/195.jpg,3
data/class3/196.jpg,3
data/class3/197.jpg,3
data/class3/198.jpg,3
data/class3/199.jpg,3
data/class3/200.jpg,3
data/class3/201.jpg,3
data/class3/202.jpg,3
data/class3/203.jpg,3
data/class3/204.jpg,3
data/class3/205.jpg,3
data/class3/206.jpg,3
data/class3/207.jpg,3
data/class3/208.jpg,3
data/class3/209.jpg,3
data/class3/210.jpg,3
data/class3/211.jpg,3
data/class3/212.jpg,3
data/class3/213.jpg,3
data/class3/214.jpg,3
data/class3/215.jpg,3
data/class3/216.jpg,3
data/class3/217.jpg,3
data/class3/218.jpg,3
data/class3/219.jpg,3
data/class3/220.jpg,3
data/class3/221.jpg,3
data/class3/222.jpg,3
data/class3/223.jpg,3
data/class3/224.jpg,3
data/class3/225.jpg,3
data/class3/226.jpg,3
data/class3/227.jpg,3
data/class3/228.jpg,3
data/class3/229.jpg,3
data/class3/230.jpg,3
data/class3/231.jpg,3
data/class3/232.jpg,3
data/class3/233.jpg,3
data/class3/234.jpg,3
data/class3/235.jpg,3
data/class3/236.jpg,3
data/class3/237.jpg,3
data/class3/238.jpg,3
data/class3/239.jpg,3
data/class3/240.jpg,3
data/class3/241.jpg,3
data/class3/242.jpg,3
data/class3/243.jpg,3
data/class3/244.jpg,3
data/class3/245.jpg,3
data/class3/246.jpg,3
data/class3/247.jpg,3
data/class3/248.jpg,3
data/class3/249.jpg,3
data/class3/250.jpg,3
data/class3/251.jpg,3
data/class3/252.jpg,3
data/class3/253.jpg,3
data/class3/254.jpg,3
data/class3/255.jpg,3
data/class3/256.jpg,3
data/class3/257.jpg,3
data/class3/258.jpg,3
data/class3/259.jpg,3
data/class3/260.jpg,3
data/class3/261.jpg,3
data/class3/262.jpg,3
data/class3/263.jpg,3
data/class3/264.jpg,3
data/class3/265.jpg,3
data/class3/266.jpg,3
data/class3/267.jpg,3
data/class3/268.jpg,3
data/class3/269.jpg,3
data/class3/270.jpg,3
data/class3/271.jpg,3
data/class3/272.jpg,3
data/class3/273.jpg,3
data/class3/274.jpg,3
data/class3/275.jpg,3
data/class3/276.jpg,3
data/class3/277.jpg,3
data/class3/278.jpg,3
data/class3/279.jpg,3
data/class3/280.jpg,3
data/class3/281.jpg,3
data/class3/282.jpg,3
data/class3/283.jpg,3
data/class3/284.jpg,3
data/class3/285.jpg,3
data/class3/286.jpg,3
data/class3/287.jpg,3
data/class3/288.jpg,3
data/class3/289.jpg,3
data/class3/290.jpg,3
data/class3/291.jpg,3
data/class3/292.jpg,3
data/class3/293.jpg,3
data/class3/294.jpg,3
data/class3/295.jpg,3
data/class3/296.jpg,3
data/class3/297.jpg,3
data/class3/298.jpg,3
data/class3/299.jpg,3
data/class3/300.jpg,3
data/class3/301.jpg,3
data/class3/302.jpg,3
data/class3/303.jpg,3
data/class3/304.jpg,3
data/class3/305.jpg,3
data/class3/306.jpg,3
data/class3/307.jpg,3
data/class3/308.jpg,3
data/class3/309.jpg,3
data/class3/310.jpg,3
data/class3/311.jpg,3
data/class3/312.jpg,3
data/class3/313.jpg,3
data/class3/314.jpg,3
data/class3/315.jpg,3
data/class3/316.jpg,3
data/class3/317.jpg,3
data/class3/318.jpg,3
data/class3/319.jpg,3
data/class3/320.jpg,3
data/class3/321.jpg,3
data/class3/322.jpg,3
data/class3/323.jpg,3
data/class3/324.jpg,3
data/class3/325.jpg,3
data/class3/326.jpg,3
data/class3/327.jpg,3
data/class3/328.jpg,3
data/class3/329.jpg,3
data/class3/330.jpg,3
data/class3/331.jpg,3
data/class3/332.jpg,3
data/class3/333.jpg,3
data/class3/334.jpg,3
data/class3/335.jpg,3
data/class3/336.jpg,3
data/class3/337.jpg,3
data/class3/338.jpg,3
data/class3/339.jpg,3
data/class3/340.jpg,3
data/class3/341.jpg,3
data/class3/342.jpg,3
data/class3/343.jpg,3
data/class3/344.jpg,3
data/class3/345.jpg,3
data/class3/346.jpg,3
data/class3/347.jpg,3
data/class3/348.jpg,3
data/class3/349.jpg,3
data/class3/350.jpg,3
data/class3/351.jpg,3
data/class3/352.jpg,3
data/class3/353.jpg,3
data/class3/354.jpg,3
data/class3/355.jpg,3
data/class3/356.jpg,3
data/class3/357.jpg,3
data/class3/358.jpg,3
data/class3/359.jpg,3
data/class3/360.jpg,3
data/class3/361.jpg,3
data/class3/362.jpg,3
data/class3/363.jpg,3
data/class3/364.jpg,3
data/class3/365.jpg,3
data/class3/366.jpg,3
data/class3/367.jpg,3
data/class3/368.jpg,3
data/class3/369.jpg,3
data/class3/370.jpg,3
data/class3/371.jpg,3
data/class3/372.jpg,3
data/class3/373.jpg,3
data/class3/374.jpg,3
data/class3/375.jpg,3
data/class3/376.jpg,3
data/class3/377.jpg,3
data/class3/378.jpg,3
data/class3/379.jpg,3
data/class3/380.jpg,3
data/class3/381.jpg,3
data/class3/382.jpg,3
data/class3/383.jpg,3
data/class3/384.jpg,3
data/class3/385.jpg,3
data/class3/386.jpg,3
data/class3/387.jpg,3
data/class3/388.jpg,3
data/class3/389.jpg,3
data/class3/390.jpg,3
data/class3/391.jpg,3
data/class3/392.jpg,3
data/class3/393.jpg,3
data/class3/394.jpg,3
data/class3/395.jpg,3
data/class3/396.jpg,3
data/class3/397.jpg,3
data/class3/398.jpg,3
data/class3/399.jpg,3
data/class3/400.jpg,3
data/class3/401.jpg,3
data/class3/402.jpg,3
data/class3/403.jpg,3
data/class3/404.jpg,3
data/class3/405.jpg,3
data/class3/406.jpg,3
data/class3/407.jpg,3
data/class3/408.jpg,3
data/class3/409.jpg,3
data/class3/410.jpg,3
data/class3/411.jpg,3
data/class3/412.jpg,3
data/class3/413.jpg,3
data/class3/414.jpg,3
data/class3/415.jpg,3
data/class3/416.jpg,3
data/class3/417.jpg,3
data/class3/418.jpg,3
data/class3/419.jpg,3
data/class3/420.jpg,3
data/class3/421.jpg,3
data/class3/422.jpg,3
data/class3/423.jpg,3
data/class3/424.jpg,3
data/class3/425.jpg,3
data/class3/426.jpg,3
data/class3/427.jpg,3
data/class3/428.jpg,3
data/class3/429.jpg,3
data/class3/430.jpg,3
data/class3/431.jpg,3
data/class3/432.jpg,3
data/class3/433.jpg,3
data/class3/434.jpg,3
data/class3/435.jpg,3
data/class3/436.jpg,3
data/class3/437.jpg,3
data/class3/438.jpg,3
data/class3/439.jpg,3
data/class3/440.jpg,3
data/class3/441.jpg,3
data/class3/442.jpg,3
data/class3/443.jpg,3
data/class3/444.jpg,3
data/class3/445.jpg,3
data/class3/446.jpg,3
data/class3/447.jpg,3
data/class3/448.jpg,3
data/class3/449.jpg,3
data/class3/450.jpg,3
data/class3/451.jpg,3
data/class3/452.jpg,3
data/class3/453.jpg,3
data/class3/454.jpg,3
data/class3/455.jpg,3
data/class3/456.jpg,3
data/class3/457.jpg,3
data/class3/458.jpg,3
data/class3/459.jpg,3
data/class3/460.jpg,3
data/class3/461.jpg,3
data/class3/462.jpg,3
data/class3/463.jpg,3
data/class3/464.jpg,3
data/class3/465.jpg,3
data/class3/466.jpg,3
data/class3/467.jpg,3
data/class3/468.jpg,3
data/class3/469.jpg,3
data/class3/470.jpg,3
data/class3/471.jpg,3
data/class3/472.jpg,3
data/class3/473.jpg,3
data/class3/474.jpg,3
data/class3/475.jpg,3
data/class3/476.jpg,3
data/class3/477.jpg,3
data/class3/478.jpg,3
data/class3/479.jpg,3
data/class3/480.jpg,3
data/class3/481.jpg,3
data/class3/482.jpg,3
data/class3/483.jpg,3
data/class3/484.jpg,3
data/class3/485.jpg,3
data/class3/486.jpg,3
data/class3/487.jpg,3
data/class3/488.jpg,3
data/class3/489.jpg,3
data/class3/490.jpg,3
data/class3/491.jpg,3
data/class3/492.jpg,3
data/class3/493.jpg,3
data/class3/494.jpg,3
data/class3/495.jpg,3
data/class3/496.jpg,3
data/class3/497.jpg,3
data/class3/498.jpg,3
data/class3/499.jpg,3
data/class3/500.jpg,3
data/class3/501.jpg,3
data/class3/502.jpg,3
data/class3/503.jpg,3
data/class3/504.jpg,3
data/class3/505.jpg,3
data/class3/506.jpg,3
data/class3/507.jpg,3
data/class3/508.jpg,3
data/class3/509.jpg,3
data/class3/510.jpg,3
data/class3/511.jpg,3
data/class3/512.jpg,3
data/class3/513.jpg,3
data/class3/514.jpg,3
data/class3/515.jpg,3
data/class3/516.jpg,3
data/class3/517.jpg,3
data/class3/518.jpg,3
data/class3/519.jpg,3
data/class3/520.jpg,3
data/class3/521.jpg,3
data/class3/522.jpg,3
data/class3/523.jpg,3
data/class3/524.jpg,3
data/class3/525.jpg,3
data/class3/526.jpg,3
data/class3/527.jpg,3
data/class3/528.jpg,3
data/class3/529.jpg,3
data/class3/530.jpg,3
data/class3/531.jpg,3
data/class3/532.jpg,3
data/class3/533.jpg,3
data/class3/534.jpg,3
data/class3/535.jpg,3
data/class3/536.jpg,3
data/class3/537.jpg,3
data/class3/538.jpg,3
data/class3/539.jpg,3
data/class3/540.jpg,3
data/class3/541.jpg,3
data/class3/542.jpg,3
data/class3/543.jpg,3
data/class3/544.jpg,3
data/class3/545.jpg,3
data/class3/546.jpg,3
data/class3/547.jpg,3
data/class3/548.jpg,3
data/class3/549.jpg,3
data/class3/550.jpg,3
data/class3/551.jpg,3
data/class3/552.jpg,3
data/class3/553.jpg,3
data/class3/554.jpg,3
data/class3/555.jpg,3
data/class3/556.jpg,3
data/class3/557.jpg,3
data/class3/558.jpg,3
data/class3/559.jpg,3
data/class3/560.jpg,3
data/class3/561.jpg,3
data/class3/562.jpg,3
data/class3/563.jpg,3
data/class3/564.jpg,3
data/class3/565.jpg,3
data/class3/566.jpg,3
data/class3/567.jpg,3
data/class3/568.jpg,3
data/class3/569.jpg,3
data/class3/570.jpg,3
data/class3/571.jpg,3
data/class3/572.jpg,3
data/class3/573.jpg,3
data/class3/574.jpg,3
data/class3/575.jpg,3
data/class3/576.jpg,3
data/class3/577.jpg,3
data/class3/578.jpg,3
data/class3/579.jpg,3
data/class3/580.jpg,3
data/class3/581.jpg,3
data/class3/582.jpg,3
data/class3/583.jpg,3
data/class3/584.jpg,3
data/class3/585.jpg,3
data/class3/586.jpg,3
data/class3/587.jpg,3
data/class3/588.jpg,3
data/class3/589.jpg,3
data/class3/590.jpg,3
data/class3/591.jpg,3
data/class3/592.jpg,3
data/class3/593.jpg,3
data/class3/594.jpg,3
data/class3/595.jpg,3
data/class3/596.jpg,3
data/class3/597.jpg,3
data/class3/598.jpg,3
data/class3/599.jpg,3
data/class3/600.jpg,3
data/class4/1.jpg,4
data/class4/2.jpg,4
data/class4/3.jpg,4
data/class4/4.jpg,4
data/class4/5.jpg,4
data/class4/6.jpg,4
data/class4/7.jpg,4
data/class4/8.jpg,4
data/class4/9.jpg,4
data/class4/10.jpg,4
data/class4/11.jpg,4
data/class4/12.jpg,4
data/class4/13.jpg,4
data/class4/14.jpg,4
data/class4/15.jpg,4
data/class4/16.jpg,4
data/class4/17.jpg,4
data/class4/18.jpg,4
data/class4/19.jpg,4
data/class4/20.jpg,4
data/class4/21.jpg,4
data/class4/22.jpg,4
data/class4/23.jpg,4
data/class4/24.jpg,4
data/class4/25.jpg,4
data/class4/26.jpg,4
data/class4/27.jpg,4
data/class4/28.jpg,4
data/class4/29.jpg,4
data/class4/30.jpg,4
data/class4/31.jpg,4
data/class4/32.jpg,4
data/class4/33.jpg,4
data/class4/34.jpg,4
data/class4/35.jpg,4
data/class4/36.jpg,4
data/class4/37.jpg,4
data/class4/38.jpg,4
data/class4/39.jpg,4
data/class4/40.jpg,4
data/class4/41.jpg,4
data/class4/42.jpg,4
data/class4/43.jpg,4
data/class4/44.jpg,4
data/class4/45.jpg,4
data/class4/46.jpg,4
data/class4/47.jpg,4
data/class4/48.jpg,4
data/class4/49.jpg,4
data/class4/50.jpg,4
data/class4/51.jpg,4
data/class4/52.jpg,4
data/class4/53.jpg,4
data/class4/54.jpg,4
data/class4/55.jpg,4
data/class4/56.jpg,4
data/class4/57.jpg,4
data/class4/58.jpg,4
data/class4/59.jpg,4
data/class4/60.jpg,4
data/class4/61.jpg,4
data/class4/62.jpg,4
data/class4/63.jpg,4
data/class4/64.jpg,4
data/class4/65.jpg,4
data/class4/66.jpg,4
data/class4/67.jpg,4
data/class4/68.jpg,4
data/class4/69.jpg,4
data/class4/70.jpg,4
data/class4/71.jpg,4
data/class4/72.jpg,4
data/class4/73.jpg,4
data/class4/74.jpg,4
data/class4/75.jpg,4
data/class4/76.jpg,4
data/class4/77.jpg,4
data/class4/78.jpg,4
data/class4/79.jpg,4
data/class4/80.jpg,4
data/class4/81.jpg,4
data/class4/82.jpg,4
data/class4/83.jpg,4
data/class4/84.jpg,4
data/class4/85.jpg,4
data/class4/86.jpg,4
data/class4/87.jpg,4
data/class4/88.jpg,4
data/class4/89.jpg,4
data/class4/90.jpg,4
data/class4/91.jpg,4
data/class4/92.jpg,4
data/class4/93.jpg,4
data/class4/94.jpg,4
data/class4/95.jpg,4
data/class4/96.jpg,4
data/class4/97.jpg,4
data/class4/98.jpg,4
data/class4/99.jpg,4
data/class4/100.jpg,4
data/class4/101.jpg,4
data/class4/102.jpg,4
data/class4/103.jpg,4
data/class4/104.jpg,4
data/class4/105.jpg,4
data/class4/106.jpg,4
data/class4/107.jpg,4
data/class4/108.jpg,4
data/class4/109.jpg,4
data/class4/110.jpg,4
data/class4/111.jpg,4
data/class4/112.jpg,4
data/class4/113.jpg,4
data/class4/114.jpg,4
data/class4/115.jpg,4
data/class4/116.jpg,4
data/class4/117.jpg,4
data/class4/118.jpg,4
data/class4/119.jpg,4
data/class4/120.jpg,4
data/class4/121.jpg,4
data/class4/122.jpg,4
data/class4/123.jpg,4
data/class4/124.jpg,4
data/class4/125.jpg,4
data/class4/126.jpg,4
data/class4/127.jpg,4
data/class4/128.jpg,4
data/class4/129.jpg,4
data/class4/130.jpg,4
data/class4/131.jpg,4
data/class4/132.jpg,4
data/class4/133.jpg,4
data/class4/134.jpg,4
data/class4/135.jpg,4
data/class4/136.jpg,4
data/class4/137.jpg,4
data/class4/138.jpg,4
data/class4/139.jpg,4
data/class4/140.jpg,4
data/class4/141.jpg,4
data/class4/142.jpg,4
data/class4/143.jpg,4
data/class4/144.jpg,4
data/class4/145.jpg,4
data/class4/146.jpg,4
data/class4/147.jpg,4
data/class4/148.jpg,4
data/class4/149.jpg,4
data/class4/150.jpg,4
data/class4/151.jpg,4
data/class4/152.jpg,4
data/class4/153.jpg,4
data/class4/154.jpg,4
data/class4/155.jpg,4
data/class4/156.jpg,4
data/class4/157.jpg,4
data/class4/158.jpg,4
data/class4/159.jpg,4
data/class4/160.jpg,4
data/class4/161.jpg,4
data/class4/162.jpg,4
data/class4/163.jpg,4
data/class4/164.jpg,4
data/class4/165.jpg,4
data/class4/166.jpg,4
data/class4/167.jpg,4
data/class4/168.jpg,4
data/class4/169.jpg,4
data/class4/170.jpg,4
data/class4/171.jpg,4
data/class4/172.jpg,4
data/class4/173.jpg,4
data/class4/174.jpg,4
data/class4/175.jpg,4
data/class4/176.jpg,4
data/class4/177.jpg,4
data/class4/178.jpg,4
data/class4/179.jpg,4
data/class4/180.jpg,4
data/class4/181.jpg,4
data/class4/182.jpg,4
data/class4/183.jpg,4
data/class4/184.jpg,4
data/class4/185.jpg,4
data/class4/186.jpg,4
data/class4/187.jpg,4
data/class4/188.jpg,4
data/class4/189.jpg,4
data/class4/190.jpg,4
data/class4/191.jpg,4
data/class4/192.jpg,4
data/class4/193.jpg,4
data/class4/194.jpg,4
data/class4/195.jpg,4
data/class4/196.jpg,4
data/class4/197.jpg,4
data/class4/198.jpg,4
data/class4/199.jpg,4
data/class4/200.jpg,4
data/class4/201.jpg,4
data/class4/202.jpg,4
data/class4/203.jpg,4
data/class4/204.jpg,4
data/class4/205.jpg,4
data/class4/206.jpg,4
data/class4/207.jpg,4
data/class4/208.jpg,4
data/class4/209.jpg,4
data/class4/210.jpg,4
data/class4/211.jpg,4
data/class4/212.jpg,4
data/class4/213.jpg,4
data/class4/214.jpg,4
data/class4/215.jpg,4
data/class4/216.jpg,4
data/class4/217.jpg,4
data/class4/218.jpg,4
data/class4/219.jpg,4
data/class4/220.jpg,4
data/class4/221.jpg,4
data/class4/222.jpg,4
data/class4/223.jpg,4
data/class4/224.jpg,4
data/class4/225.jpg,4
data/class4/226.jpg,4
data/class4/227.jpg,4
data/class4/228.jpg,4
data/class4/229.jpg,4
data/class4/230.jpg,4
data/class4/231.jpg,4
data/class4/232.jpg,4
data/class4/233.jpg,4
data/class4/234.jpg,4
data/class4/235.jpg,4
data/class4/236.jpg,4
data/class4/237.jpg,4
data/class4/238.jpg,4
data/class4/239.jpg,4
data/class4/240.jpg,4
data/class4/241.jpg,4
data/class4/242.jpg,4
data/class4/243.jpg,4
data/class4/244.jpg,4
data/class4/245.jpg,4
data/class4/246.jpg,4
data/class4/247.jpg,4
data/class4/248.jpg,4
data/class4/249.jpg,4
data/class4/250.jpg,4
data/class4/251.jpg,4
data/class4/252.jpg,4
data/class4/253.jpg,4
data/class4/254.jpg,4
data/class4/255.jpg,4
data/class4/256.jpg,4
data/class4/257.jpg,4
data/class4/258.jpg,4
data/class4/259.jpg,4
data/class4/260.jpg,4
data/class4/261.jpg,4
data/class4/262.jpg,4
data/class4/263.jpg,4
data/class4/264.jpg,4
data/class4/265.jpg,4
data/class4/266.jpg,4
data/class4/267.jpg,4
data/class4/268.jpg,4
data/class4/269.jpg,4
data/class4/270.jpg,4
data/class4/271.jpg,4
data/class4/272.jpg,4
data/class4/273.jpg,4
data/class4/274.jpg,4
data/class4/275.jpg,4
data/class4/276.jpg,4
data/class4/277.jpg,4
data/class4/278.jpg,4
data/class4/279.jpg,4
data/class4/280.jpg,4
data/class4/281.jpg,4
data/class4/282.jpg,4
data/class4/283.jpg,4
data/class4/284.jpg,4
data/class4/285.jpg,4
data/class4/286.jpg,4
data/class4/287.jpg,4
data/class4/288.jpg,4
data/class4/289.jpg,4
data/class4/290.jpg,4
data/class4/291.jpg,4
data/class4/292.jpg,4
data/class4/293.jpg,4
data/class4/294.jpg,4
data/class4/295.jpg,4
data/class4/296.jpg,4
data/class4/297.jpg,4
data/class4/298.jpg,4
data/class4/299.jpg,4
data/class4/300.jpg,4
data/class4/301.jpg,4
data/class4/302.jpg,4
data/class4/303.jpg,4
data/class4/304.jpg,4
data/class4/305.jpg,4
data/class4/306.jpg,4
data/class4/307.jpg,4
data/class4/308.jpg,4
data/class4/309.jpg,4
data/class4/310.jpg,4
data/class4/311.jpg,4
data/class4/312.jpg,4
data/class4/313.jpg,4
data/class4/314.jpg,4
data/class4/315.jpg,4
data/class4/316.jpg,4
data/class4/317.jpg,4
data/class4/318.jpg,4
data/class4/319.jpg,4
data/class4/320.jpg,4
data/class4/321.jpg,4
data/class4/322.jpg,4
data/class4/323.jpg,4
data/class4/324.jpg,4
data/class4/325.jpg,4
data/class4/326.jpg,4
data/class4/327.jpg,4
data/class4/328.jpg,4
data/class4/329.jpg,4
data/class4/330.jpg,4
data/class4/331.jpg,4
data/class4/332.jpg,4
data/class4/333.jpg,4
data/class4/334.jpg,4
data/class4/335.jpg,4
data/class4/336.jpg,4
data/class4/337.jpg,4
data/class4/338.jpg,4
data/class4/339.jpg,4
data/class4/340.jpg,4
data/class4/341.jpg,4
data/class4/342.jpg,4
data/class4/343.jpg,4
data/class4/344.jpg,4
data/class4/345.jpg,4
data/class4/346.jpg,4
data/class4/347.jpg,4
data/class4/348.jpg,4
data/class4/349.jpg,4
data/class4/350.jpg,4
data/class4/351.jpg,4
data/class4/352.jpg,4
data/class4/353.jpg,4
data/class4/354.jpg,4
data/class4/355.jpg,4
data/class4/356.jpg,4
data/class4/357.jpg,4
data/class4/358.jpg,4
data/class4/359.jpg,4
data/class4/360.jpg,4
data/class4/361.jpg,4
data/class4/362.jpg,4
data/class4/363.jpg,4
data/class4/364.jpg,4
data/class4/365.jpg,4
data/class4/366.jpg,4
data/class4/367.jpg,4
data/class4/368.jpg,4
data/class4/369.jpg,4
data/class4/370.jpg,4
data/class4/371.jpg,4
data/class4/372.jpg,4
data/class4/373.jpg,4
data/class4/374.jpg,4
data/class4/375.jpg,4
data/class4/376.jpg,4
data/class4/377.jpg,4
data/class4/378.jpg,4
data/class4/379.jpg,4
data/class4/380.jpg,4
data/class4/381.jpg,4
data/class4/382.jpg,4
data/class4/383.jpg,4
data/class4/384.jpg,4
data/class4/385.jpg,4
data/class4/386.jpg,4
data/class4/387.jpg,4
data/class4/388.jpg,4
data/class4/389.jpg,4
data/class4/390.jpg,4
data/class4/391.jpg,4
data/class4/392.jpg,4
data/class4/393.jpg,4
data/class4/394.jpg,4
data/class4/395.jpg,4
data/class4/396.jpg,4
data/class4/397.jpg,4
data/class4/398.jpg,4
data/class4/399.jpg,4
data/class4/400.jpg,4
data/class4/401.jpg,4
data/class4/402.jpg,4
data/class4/403.jpg,4
data/class4/404.jpg,4
data/class4/405.jpg,4
data/class4/406.jpg,4
data/class4/407.jpg,4
data/class4/408.jpg,4
data/class4/409.jpg,4
data/class4/410.jpg,4
data/class4/411.jpg,4
data/class4/412.jpg,4
data/class4/413.jpg,4
data/class4/414.jpg,4
data/class4/415.jpg,4
data/class4/416.jpg,4
data/class4/417.jpg,4
data/class4/418.jpg,4
data/class4/419.jpg,4
data/class4/420.jpg,4
data/class4/421.jpg,4
data/class4/422.jpg,4
data/class4/423.jpg,4
data/class4/424.jpg,4
data/class4/425.jpg,4
data/class4/426.jpg,4
data/class4/427.jpg,4
data/class4/428.jpg,4
data/class4/429.jpg,4
data/class4/430.jpg,4
data/class4/431.jpg,4
data/class4/432.jpg,4
data/class4/433.jpg,4
data/class4/434.jpg,4
data/class4/435.jpg,4
data/class4/436.jpg,4
data/class4/437.jpg,4
data/class4/438.jpg,4
data/class4/439.jpg,4
data/class4/440.jpg,4
data/class4/441.jpg,4
data/class4/442.jpg,4
data/class4/443.jpg,4
data/class4/444.jpg,4
data/class4/445.jpg,4
data/class4/446.jpg,4
data/class4/447.jpg,4
data/class4/448.jpg,4
data/class4/449.jpg,4
data/class4/450.jpg,4
data/class4/451.jpg,4
data/class4/452.jpg,4
data/class4/453.jpg,4
data/class4/454.jpg,4
data/class4/455.jpg,4
data/class4/456.jpg,4
data/class4/457.jpg,4
data/class4/458.jpg,4
data/class4/459.jpg,4
data/class4/460.jpg,4
data/class4/461.jpg,4
data/class4/462.jpg,4
data/class4/463.jpg,4
data/class4/464.jpg,4
data/class4/465.jpg,4
data/class4/466.jpg,4
data/class4/467.jpg,4
data/class4/468.jpg,4
data/class4/469.jpg,4
data/class4/470.jpg,4
data/class4/471.jpg,4
data/class4/472.jpg,4
data/class4/473.jpg,4
data/class4/474.jpg,4
data/class4/475.jpg,4
data/class4/476.jpg,4
data/class4/477.jpg,4
data/class4/478.jpg,4
data/class4/479.jpg,4
data/class4/480.jpg,4
data/class4/481.jpg,4
data/class4/482.jpg,4
data/class4/483.jpg,4
data/class4/484.jpg,4
data/class4/485.jpg,4
data/class4/486.jpg,4
data/class4/487.jpg,4
data/class4/488.jpg,4
data/class4/489.jpg,4
data/class4/490.jpg,4
data/class4/491.jpg,4
data/class4/492.jpg,4
data/class4/493.jpg,4
data/class4/494.jpg,4
data/class4/495.jpg,4
data/class4/496.jpg,4
data/class4/497.jpg,4
data/class4/498.jpg,4
data/class4/499.jpg,4
data/class4/500.jpg,4
data/class4/501.jpg,4
data/class4/502.jpg,4
data/class4/503.jpg,4
data/class4/504.jpg,4
data/class4/505.jpg,4
data/class4/506.jpg,4
data/class4/507.jpg,4
data/class4/508.jpg,4
data/class4/509.jpg,4
data/class4/510.jpg,4
data/class4/511.jpg,4
data/class4/512.jpg,4
data/class4/513.jpg,4
data/class4/514.jpg,4
data/class4/515.jpg,4
data/class4/516.jpg,4
data/class4/517.jpg,4
data/class4/518.jpg,4
data/class4/519.jpg,4
data/class4/520.jpg,4
data/class4/521.jpg,4
data/class4/522.jpg,4
data/class4/523.jpg,4
data/class4/524.jpg,4
data/class4/525.jpg,4
data/class4/526.jpg,4
data/class4/527.jpg,4
data/class4/528.jpg,4
data/class4/529.jpg,4
data/class4/530.jpg,4
data/class4/531.jpg,4
data/class4/532.jpg,4
data/class4/533.jpg,4
data/class4/534.jpg,4
data/class4/535.jpg,4
data/class4/536.jpg,4
data/class4/537.jpg,4
data/class4/538.jpg,4
data/class4/539.jpg,4
data/class4/540.jpg,4
data/class4/541.jpg,4
data/class4/542.jpg,4
data/class4/543.jpg,4
data/class4/544.jpg,4
data/class4/545.jpg,4
data/class4/546.jpg,4
data/class4/547.jpg,4
data/class4/548.jpg,4
data/class4/549.jpg,4
data/class4/550.jpg,4
data/class4/551.jpg,4
data/class4/552.jpg,4
data/class4/553.jpg,4
data/class4/554.jpg,4
data/class4/555.jpg,4
data/class4/556.jpg,4
data/class4/557.jpg,4
data/class4/558.jpg,4
data/class4/559.jpg,4
data/class4/560.jpg,4
data/class4/561.jpg,4
data/class4/562.jpg,4
data/class4/563.jpg,4
data/class4/564.jpg,4
data/class4/565.jpg,4
data/class4/566.jpg,4
data/class4/567.jpg,4
data/class4/568.jpg,4
data/class4/569.jpg,4
data/class4/570.jpg,4
data/class4/571.jpg,4
data/class4/572.jpg,4
data/class4/573.jpg,4
data/class4/574.jpg,4
data/class4/575.jpg,4
data/class4/576.jpg,4
data/class4/577.jpg,4
data/class4/578.jpg,4
data/class4/579.jpg,4
data/class4/580.jpg,4
data/class4/581.jpg,4
data/class4/582.jpg,4
data/class4/583.jpg,4
data/class4/584.jpg,4
data/class4/585.jpg,4
data/class4/586.jpg,4
data/class4/587.jpg,4
data/class4/588.jpg,4
data/class4/589.jpg,4
data/class4/590.jpg,4
data/class4/591.jpg,4
data/class4/592.jpg,4
data/class4/593.jpg,4
data/class4/594.jpg,4
data/class4/595.jpg,4
data/class4/596.jpg,4
data/class4/597.jpg,4
data/class4/598.jpg,4
data/class4/599.jpg,4
data/class4/600.jpg,4
